wmc,dit,noc,cbo,rfc,lcom,ca,ce,npm,lcom3,loc,dam,moa,mfa,cam,ic,cbm,amc,max_cc,avg_cc,bug
6.0,3.0,3.0,0.0,10.0,0.0,0.0,0.0,6.0,0.0,54.0,1.0,0.0,0.85,0.555556,1.0,2.0,7.8333330000000005,3.0,1.0,-1
63.0,2.0,3.0,27.0,225.0,793.0,7.0,20.0,42.0,0.87208,5680.0,0.896552,6.0,0.6789470000000001,0.15207400000000001,2.0,11.0,88.698413,6.0,1.6984,-1
21.0,4.0,0.0,2.0,25.0,210.0,0.0,2.0,21.0,2.0,120.0,0.0,0.0,0.8245610000000001,0.52381,0.0,0.0,4.714286,1.0,0.9524,-1
3.0,1.0,0.0,26.0,3.0,3.0,25.0,1.0,3.0,1.5,17.0,0.0,0.0,0.0,0.666667,0.0,0.0,0.0,1.0,1.0,-1
3.0,4.0,0.0,2.0,14.0,3.0,1.0,2.0,3.0,2.0,60.0,0.0,0.0,0.979167,0.666667,0.0,0.0,19.0,3.0,1.6667,-1
7.0,4.0,0.0,3.0,10.0,21.0,0.0,3.0,7.0,2.0,39.0,0.0,0.0,0.931818,0.571429,1.0,6.0,4.571429,1.0,0.8571,-1
12.0,4.0,0.0,3.0,22.0,66.0,0.0,3.0,12.0,2.0,97.0,0.0,0.0,0.8952379999999999,0.31666700000000003,1.0,1.0,7.0833330000000005,3.0,1.25,-1
17.0,1.0,0.0,8.0,54.0,134.0,7.0,3.0,5.0,0.9375,867.0,0.0,1.0,0.0,0.2125,0.0,0.0,49.882353,19.0,4.7059,-1
18.0,2.0,0.0,6.0,35.0,0.0,6.0,1.0,1.0,0.680672,2128.0,0.14285699999999998,1.0,0.734375,0.361111,1.0,7.0,116.83333300000001,17.0,8.0,-1
2.0,3.0,0.0,11.0,3.0,0.0,11.0,0.0,2.0,1.0,13.0,0.5,0.0,0.9444440000000001,0.75,0.0,0.0,4.5,1.0,0.5,-1
10.0,1.0,0.0,22.0,10.0,45.0,20.0,2.0,10.0,1.111111,51.0,0.0,0.0,0.0,0.3,0.0,0.0,0.0,1.0,1.0,-1
7.0,4.0,0.0,3.0,10.0,21.0,0.0,3.0,7.0,2.0,39.0,0.0,0.0,0.931818,0.571429,1.0,6.0,4.571429,1.0,0.8571,-1
7.0,1.0,0.0,1.0,9.0,13.0,1.0,0.0,6.0,1.083333,720.0,1.0,0.0,0.0,0.25,0.0,0.0,100.14285699999999,11.0,3.5714,-1
12.0,1.0,0.0,0.0,12.0,66.0,0.0,0.0,12.0,2.0,12.0,0.0,0.0,0.0,0.638889,0.0,0.0,0.0,1.0,1.0,-1
4.0,3.0,0.0,6.0,9.0,0.0,1.0,5.0,0.0,0.380952,583.0,1.0,0.0,0.9268290000000001,0.40625,1.0,3.0,143.0,1.0,0.75,-1
18.0,1.0,0.0,6.0,18.0,153.0,4.0,2.0,18.0,2.0,18.0,0.0,0.0,0.0,0.4,0.0,0.0,0.0,1.0,1.0,-1
35.0,4.0,0.0,3.0,43.0,595.0,0.0,3.0,35.0,2.0,200.0,0.0,0.0,0.734375,0.308571,0.0,0.0,4.714286,1.0,0.9714,-1
14.0,1.0,0.0,2.0,14.0,91.0,1.0,1.0,14.0,2.0,14.0,0.0,0.0,0.0,0.5,0.0,0.0,0.0,1.0,1.0,-1
9.0,1.0,0.0,11.0,26.0,16.0,1.0,10.0,9.0,0.875,191.0,1.0,0.0,0.0,0.333333,0.0,0.0,19.666667,2.0,1.0,-1
6.0,1.0,0.0,8.0,12.0,3.0,6.0,2.0,6.0,0.763636,90.0,0.0,2.0,0.0,0.5,1.0,1.0,12.166667,1.0,0.6667,-1
7.0,4.0,0.0,2.0,14.0,21.0,0.0,2.0,7.0,2.0,42.0,0.0,0.0,0.94,0.342857,0.0,0.0,5.0,1.0,0.8571,-1
14.0,1.0,0.0,5.0,50.0,91.0,3.0,2.0,13.0,2.0,486.0,0.0,0.0,0.0,0.410714,0.0,0.0,33.714286,5.0,3.7143,-1
2.0,2.0,0.0,9.0,18.0,0.0,2.0,9.0,1.0,0.0,239.0,1.0,0.0,0.75,0.571429,2.0,2.0,118.0,1.0,0.5,-1
3.0,4.0,0.0,2.0,6.0,3.0,0.0,2.0,3.0,2.0,17.0,0.0,0.0,0.979167,0.666667,0.0,0.0,4.6666669999999995,1.0,0.6667,-1
49.0,1.0,2.0,22.0,121.0,622.0,2.0,20.0,22.0,0.9157200000000001,1192.0,1.0,11.0,0.0,0.113889,0.0,0.0,22.877551,3.0,1.0408,-1
12.0,1.0,0.0,0.0,12.0,66.0,0.0,0.0,12.0,2.0,12.0,0.0,0.0,0.0,0.75,0.0,0.0,0.0,1.0,1.0,-1
0.0,1.0,0.0,8.0,0.0,0.0,8.0,0.0,0.0,2.0,0.0,0.0,0.0,0.0,0.0,0.0,0.0,0.0,0.0,0.0,-1
10.0,2.0,0.0,7.0,29.0,35.0,1.0,6.0,6.0,0.708333,240.0,1.0,3.0,0.363636,0.263889,0.0,0.0,22.2,1.0,0.7,-1
34.0,2.0,0.0,14.0,74.0,0.0,1.0,14.0,21.0,0.6727270000000001,2890.0,1.0,2.0,0.17948699999999998,0.160839,1.0,3.0,83.558824,2.0,1.0588,-1
4.0,1.0,0.0,0.0,4.0,6.0,0.0,0.0,4.0,2.0,4.0,0.0,0.0,0.0,0.75,0.0,0.0,0.0,1.0,1.0,-1
4.0,1.0,0.0,0.0,4.0,6.0,0.0,0.0,4.0,2.0,4.0,0.0,0.0,0.0,0.5,0.0,0.0,0.0,1.0,1.0,-1
41.0,2.0,0.0,13.0,77.0,280.0,2.0,11.0,35.0,0.903947,1231.0,1.0,10.0,0.487179,0.30662,1.0,7.0,28.560976,3.0,1.1951,-1
2.0,1.0,0.0,2.0,2.0,1.0,1.0,1.0,2.0,2.0,2.0,0.0,0.0,0.0,0.75,0.0,0.0,0.0,1.0,1.0,-1
11.0,2.0,0.0,8.0,42.0,33.0,1.0,7.0,7.0,0.82,327.0,0.7,2.0,0.307692,0.232323,0.0,0.0,27.818182,6.0,1.2727,-1
17.0,2.0,0.0,5.0,36.0,128.0,1.0,4.0,11.0,2.0,263.0,0.0,0.0,0.777778,0.19251300000000002,1.0,10.0,14.470588000000001,6.0,1.8824,-1
4.0,1.0,0.0,6.0,6.0,0.0,5.0,1.0,4.0,0.0,73.0,0.0,1.0,0.0,0.55,0.0,0.0,16.5,2.0,0.5,-1
7.0,4.0,0.0,3.0,10.0,21.0,0.0,3.0,7.0,2.0,39.0,0.0,0.0,0.931818,0.571429,1.0,6.0,4.571429,1.0,0.8571,-1
6.0,1.0,0.0,0.0,6.0,15.0,0.0,0.0,6.0,2.0,6.0,0.0,0.0,0.0,0.5,0.0,0.0,0.0,1.0,1.0,-1
2.0,1.0,0.0,0.0,2.0,1.0,0.0,0.0,2.0,2.0,2.0,0.0,0.0,0.0,0.75,0.0,0.0,0.0,1.0,1.0,-1
5.0,4.0,0.0,3.0,10.0,10.0,0.0,3.0,5.0,2.0,52.0,0.0,0.0,0.959184,0.6,0.0,0.0,9.4,3.0,1.6,-1
5.0,4.0,0.0,2.0,10.0,10.0,0.0,2.0,5.0,2.0,28.0,0.0,0.0,0.959184,0.45,0.0,0.0,4.6,1.0,0.8,-1
18.0,2.0,0.0,7.0,58.0,141.0,1.0,6.0,10.0,0.847751,1937.0,1.0,2.0,0.2,0.189815,0.0,0.0,105.66666699999999,4.0,1.1667,-1
42.0,1.0,0.0,3.0,66.0,375.0,2.0,1.0,29.0,0.780488,1992.0,1.0,0.0,0.0,0.226481,0.0,0.0,46.142857,33.0,3.1429,-1
5.0,4.0,0.0,2.0,11.0,10.0,0.0,2.0,5.0,2.0,30.0,0.0,0.0,0.959184,0.45,0.0,0.0,5.0,1.0,0.8,-1
2.0,1.0,0.0,0.0,2.0,1.0,0.0,0.0,2.0,2.0,2.0,0.0,0.0,0.0,0.75,0.0,0.0,0.0,1.0,1.0,-1
11.0,1.0,0.0,23.0,48.0,33.0,5.0,18.0,5.0,0.76,849.0,0.6,1.0,0.0,0.2125,0.0,0.0,75.727273,4.0,1.0909,-1
2.0,1.0,0.0,2.0,2.0,1.0,1.0,1.0,2.0,2.0,2.0,0.0,0.0,0.0,0.75,0.0,0.0,0.0,1.0,1.0,-1
5.0,1.0,0.0,6.0,7.0,10.0,6.0,0.0,5.0,2.0,107.0,0.0,0.0,0.0,0.35,0.0,0.0,20.4,3.0,1.8,-1
3.0,4.0,0.0,2.0,7.0,3.0,1.0,2.0,3.0,2.0,19.0,0.0,0.0,0.979167,0.666667,0.0,0.0,5.3333330000000005,1.0,0.6667,-1
1.0,1.0,0.0,0.0,2.0,0.0,0.0,0.0,1.0,2.0,8.0,0.0,0.0,0.0,1.0,0.0,0.0,3.0,0.0,0.0,-1
26.0,1.0,0.0,0.0,40.0,0.0,0.0,0.0,24.0,0.08,723.0,0.0,0.0,0.0,0.528846,0.0,0.0,26.730769,5.0,2.6538,-1
30.0,1.0,0.0,0.0,88.0,177.0,0.0,0.0,24.0,0.882033,887.0,0.736842,9.0,0.0,0.126667,0.0,0.0,27.933333,4.0,1.2333,-1
2.0,1.0,0.0,0.0,2.0,1.0,0.0,0.0,2.0,2.0,2.0,0.0,0.0,0.0,0.75,0.0,0.0,0.0,1.0,1.0,-1
10.0,1.0,0.0,2.0,10.0,45.0,1.0,1.0,10.0,2.0,10.0,0.0,0.0,0.0,0.5,0.0,0.0,0.0,1.0,1.0,-1
2.0,1.0,0.0,2.0,2.0,1.0,1.0,1.0,2.0,2.0,2.0,0.0,0.0,0.0,0.75,0.0,0.0,0.0,1.0,1.0,-1
38.0,1.0,2.0,28.0,77.0,569.0,9.0,19.0,13.0,0.9009010000000001,2197.0,1.0,9.0,0.0,0.152632,0.0,0.0,55.947368000000004,6.0,1.9737,-1
5.0,3.0,2.0,2.0,7.0,10.0,2.0,0.0,5.0,2.0,20.0,0.0,0.0,0.9444440000000001,0.6,0.0,0.0,3.0,1.0,0.2,-1
6.0,2.0,0.0,7.0,20.0,9.0,1.0,7.0,3.0,0.0,136.0,1.0,0.0,0.545455,0.43333299999999997,1.0,2.0,21.5,5.0,1.5,-1
13.0,4.0,0.0,3.0,16.0,78.0,0.0,3.0,13.0,2.0,72.0,0.0,0.0,0.87234,0.538462,1.0,7.0,4.538462,1.0,0.9231,-1
8.0,4.0,0.0,19.0,12.0,0.0,18.0,1.0,8.0,0.28571399999999997,64.0,1.0,0.0,0.818182,0.4375,0.0,0.0,6.75,1.0,0.5,-1
0.0,1.0,0.0,2.0,0.0,0.0,1.0,1.0,0.0,2.0,0.0,0.0,0.0,0.0,0.0,0.0,0.0,0.0,0.0,0.0,-1
4.0,1.0,0.0,0.0,4.0,6.0,0.0,0.0,4.0,2.0,4.0,0.0,0.0,0.0,0.5,0.0,0.0,0.0,1.0,1.0,-1
3.0,4.0,0.0,2.0,6.0,3.0,0.0,2.0,3.0,2.0,17.0,0.0,0.0,0.979167,0.5,0.0,0.0,4.6666669999999995,1.0,0.6667,-1
15.0,4.0,1.0,9.0,26.0,57.0,6.0,4.0,14.0,0.8214290000000001,200.0,0.875,3.0,0.8488370000000001,0.383333,2.0,6.0,11.8,2.0,1.5333,-1
3.0,1.0,0.0,0.0,3.0,3.0,0.0,0.0,3.0,2.0,3.0,0.0,0.0,0.0,0.555556,0.0,0.0,0.0,1.0,1.0,-1
20.0,1.0,0.0,1.0,29.0,58.0,1.0,0.0,14.0,0.5473680000000001,547.0,0.2,3.0,0.0,0.31,0.0,0.0,26.1,10.0,3.95,-1
9.0,4.0,0.0,3.0,12.0,36.0,0.0,3.0,9.0,2.0,50.0,0.0,0.0,0.911111,0.555556,1.0,6.0,4.555556,1.0,0.8889,-1
1.0,1.0,0.0,0.0,2.0,0.0,0.0,0.0,1.0,2.0,9.0,0.0,0.0,0.0,1.0,0.0,0.0,3.0,0.0,0.0,-1
4.0,1.0,0.0,2.0,4.0,6.0,1.0,1.0,4.0,2.0,4.0,0.0,0.0,0.0,0.75,0.0,0.0,0.0,1.0,1.0,-1
1.0,4.0,0.0,3.0,2.0,0.0,0.0,3.0,1.0,2.0,6.0,0.0,0.0,1.0,1.0,0.0,0.0,5.0,0.0,0.0,-1
10.0,4.0,1.0,6.0,29.0,43.0,3.0,4.0,9.0,0.9444440000000001,115.0,0.5,0.0,0.890244,0.325,1.0,6.0,10.3,6.0,1.5,-1
26.0,1.0,0.0,0.0,26.0,325.0,0.0,0.0,26.0,2.0,26.0,0.0,0.0,0.0,0.487179,0.0,0.0,0.0,1.0,1.0,-1
45.0,2.0,0.0,13.0,63.0,862.0,3.0,10.0,16.0,0.8967799999999999,962.0,0.875,6.0,0.46341499999999997,0.119298,1.0,5.0,19.844444,5.0,1.5556,-1
36.0,1.0,0.0,0.0,69.0,246.0,0.0,0.0,35.0,0.804762,436.0,1.0,6.0,0.0,0.125926,0.0,0.0,10.944444,2.0,1.1389,-1
5.0,1.0,0.0,2.0,14.0,0.0,1.0,1.0,4.0,1.243808,1114.0,0.009288,0.0,0.0,0.5,0.0,0.0,157.2,9.0,2.2,-1
9.0,4.0,0.0,3.0,12.0,36.0,0.0,3.0,9.0,2.0,50.0,0.0,0.0,0.911111,0.555556,1.0,5.0,4.555556,1.0,0.8889,-1
18.0,1.0,0.0,0.0,19.0,153.0,0.0,0.0,18.0,2.0,40.0,0.0,0.0,0.0,0.28571399999999997,0.0,0.0,1.222222,1.0,0.9444,-1
11.0,1.0,0.0,0.0,11.0,55.0,0.0,0.0,11.0,2.0,11.0,0.0,0.0,0.0,0.515152,0.0,0.0,0.0,1.0,1.0,-1
8.0,2.0,2.0,9.0,14.0,18.0,9.0,2.0,5.0,0.9047620000000001,69.0,0.666667,2.0,0.88,0.416667,1.0,3.0,7.25,2.0,1.25,-1
27.0,4.0,0.0,2.0,35.0,351.0,0.0,2.0,27.0,2.0,171.0,0.0,0.0,0.783333,0.37963,0.0,0.0,5.3333330000000005,3.0,1.1111,-1
4.0,3.0,0.0,39.0,23.0,4.0,37.0,3.0,2.0,0.982906,580.0,0.05128200000000001,0.0,0.977778,0.555556,1.0,1.0,134.25,1.0,0.5,-1
22.0,1.0,0.0,6.0,39.0,89.0,1.0,5.0,12.0,0.7032970000000001,1528.0,0.692308,4.0,0.0,0.232143,0.0,0.0,67.863636,24.0,4.6818,-1
0.0,1.0,0.0,1.0,0.0,0.0,1.0,0.0,0.0,2.0,0.0,0.0,0.0,0.0,0.0,0.0,0.0,0.0,0.0,0.0,-1
3.0,4.0,0.0,2.0,6.0,3.0,0.0,2.0,3.0,2.0,17.0,0.0,0.0,0.979167,0.5,0.0,0.0,4.6666669999999995,1.0,0.6667,-1
1.0,4.0,1.0,0.0,2.0,0.0,0.0,0.0,1.0,2.0,11.0,0.0,0.0,1.0,1.0,0.0,0.0,7.0,0.0,0.0,-1
2.0,1.0,0.0,0.0,2.0,1.0,0.0,0.0,2.0,2.0,2.0,0.0,0.0,0.0,0.75,0.0,0.0,0.0,1.0,1.0,-1
34.0,3.0,0.0,59.0,83.0,541.0,55.0,9.0,29.0,0.9696969999999999,1017.0,0.8,5.0,0.733333,0.284848,2.0,4.0,28.617646999999998,7.0,2.2059,-1
2.0,1.0,0.0,22.0,2.0,1.0,22.0,0.0,2.0,2.0,5.0,0.0,0.0,0.0,0.6,0.0,0.0,0.0,1.0,1.0,-1
1.0,1.0,0.0,0.0,2.0,0.0,0.0,0.0,1.0,2.0,121.0,0.0,0.0,0.0,1.0,0.0,0.0,3.0,0.0,0.0,-1
6.0,1.0,0.0,0.0,6.0,15.0,0.0,0.0,6.0,2.0,6.0,0.0,0.0,0.0,0.75,0.0,0.0,0.0,1.0,1.0,-1
6.0,1.0,0.0,2.0,6.0,15.0,1.0,1.0,6.0,2.0,6.0,0.0,0.0,0.0,0.75,0.0,0.0,0.0,1.0,1.0,-1
15.0,1.0,0.0,0.0,15.0,105.0,0.0,0.0,15.0,2.0,15.0,0.0,0.0,0.0,0.488889,0.0,0.0,0.0,1.0,1.0,-1
5.0,1.0,0.0,3.0,14.0,0.0,2.0,1.0,4.0,1.185484,236.0,0.06451599999999999,0.0,0.0,0.5,0.0,0.0,40.0,9.0,2.2,-1
18.0,1.0,1.0,6.0,28.0,47.0,5.0,1.0,18.0,0.720588,357.0,1.0,1.0,0.0,0.17901199999999998,0.0,0.0,18.388889000000002,3.0,1.7778,-1
3.0,3.0,0.0,0.0,4.0,1.0,0.0,0.0,2.0,0.5,247.0,0.0,0.0,0.974359,1.0,0.0,0.0,81.0,1.0,0.3333,-1
4.0,1.0,0.0,3.0,9.0,2.0,3.0,0.0,2.0,0.666667,395.0,1.0,0.0,0.0,0.5,0.0,0.0,97.25,1.0,0.5,-1
10.0,1.0,0.0,0.0,15.0,37.0,0.0,0.0,10.0,0.777778,64.0,1.0,0.0,0.0,0.375,0.0,0.0,5.0,1.0,0.8,-1
8.0,1.0,0.0,0.0,8.0,28.0,0.0,0.0,8.0,2.0,8.0,0.0,0.0,0.0,0.75,0.0,0.0,0.0,1.0,1.0,-1
2.0,1.0,0.0,2.0,2.0,1.0,1.0,1.0,2.0,2.0,2.0,0.0,0.0,0.0,0.75,0.0,0.0,0.0,1.0,1.0,-1
3.0,4.0,0.0,2.0,6.0,3.0,0.0,2.0,3.0,2.0,17.0,0.0,0.0,0.979167,0.666667,0.0,0.0,4.6666669999999995,1.0,0.6667,-1
1.0,1.0,0.0,0.0,1.0,0.0,0.0,0.0,1.0,2.0,1.0,0.0,0.0,0.0,1.0,0.0,0.0,0.0,1.0,1.0,-1
14.0,1.0,0.0,0.0,14.0,91.0,0.0,0.0,14.0,2.0,14.0,0.0,0.0,0.0,0.20634899999999998,0.0,0.0,0.0,1.0,1.0,-1
3.0,1.0,0.0,0.0,14.0,3.0,0.0,0.0,2.0,2.0,102.0,0.0,0.0,0.0,0.333333,0.0,0.0,33.0,1.0,0.6667,-1
11.0,1.0,0.0,38.0,16.0,25.0,38.0,0.0,11.0,0.05,191.0,0.0,0.0,0.0,0.409091,1.0,1.0,16.0,7.0,1.1818,-1
53.0,1.0,0.0,29.0,143.0,1146.0,10.0,20.0,20.0,0.906177,6637.0,0.090909,6.0,0.0,0.19230799999999998,1.0,1.0,123.603774,147.0,13.3585,-1
1.0,1.0,0.0,3.0,1.0,0.0,1.0,2.0,1.0,2.0,1.0,0.0,0.0,0.0,1.0,0.0,0.0,0.0,1.0,1.0,-1
2.0,1.0,0.0,2.0,2.0,1.0,1.0,1.0,2.0,2.0,2.0,0.0,0.0,0.0,0.75,0.0,0.0,0.0,1.0,1.0,-1
17.0,4.0,0.0,2.0,27.0,136.0,0.0,2.0,17.0,2.0,123.0,0.0,0.0,0.8545450000000001,0.31764699999999996,0.0,0.0,6.235294000000001,3.0,1.1765,-1
9.0,2.0,0.0,6.0,19.0,0.0,2.0,4.0,1.0,0.625,120.0,1.0,0.0,0.5,0.388889,1.0,2.0,12.0,2.0,1.0,-1
5.0,4.0,0.0,3.0,8.0,10.0,0.0,3.0,5.0,2.0,28.0,0.0,0.0,0.9534879999999999,0.6,1.0,4.0,4.6,1.0,0.8,-1
29.0,1.0,0.0,8.0,37.0,0.0,6.0,2.0,28.0,0.81391,1200.0,1.0,2.0,0.0,0.333333,0.0,0.0,39.724138,6.0,2.8621,-1
4.0,4.0,0.0,6.0,20.0,0.0,1.0,6.0,1.0,0.666667,103.0,0.5,0.0,0.962025,0.5,3.0,11.0,24.25,4.0,1.5,-1
3.0,4.0,0.0,2.0,7.0,3.0,0.0,2.0,3.0,2.0,19.0,0.0,0.0,0.979167,0.666667,0.0,0.0,5.3333330000000005,1.0,0.6667,-1
16.0,1.0,0.0,0.0,16.0,120.0,0.0,0.0,16.0,2.0,16.0,0.0,0.0,0.0,0.5,0.0,0.0,0.0,1.0,1.0,-1
12.0,1.0,0.0,3.0,22.0,0.0,3.0,1.0,6.0,0.530303,332.0,0.0,0.0,0.0,0.35,0.0,0.0,26.166667,8.0,2.75,-1
2.0,1.0,0.0,0.0,2.0,1.0,0.0,0.0,2.0,2.0,2.0,0.0,0.0,0.0,0.75,0.0,0.0,0.0,1.0,1.0,-1
18.0,1.0,0.0,0.0,18.0,153.0,0.0,0.0,18.0,2.0,18.0,0.0,0.0,0.0,0.5,0.0,0.0,0.0,1.0,1.0,-1
7.0,4.0,0.0,3.0,10.0,21.0,0.0,3.0,7.0,2.0,39.0,0.0,0.0,0.931818,0.571429,1.0,6.0,4.571429,1.0,0.8571,-1
10.0,1.0,0.0,7.0,16.0,0.0,6.0,1.0,1.0,0.06666699999999999,471.0,0.0,0.0,0.0,0.566667,0.0,0.0,45.6,7.0,2.8,-1
18.0,2.0,0.0,7.0,54.0,141.0,1.0,6.0,9.0,0.891176,1405.0,0.15,2.0,0.2,0.189815,0.0,0.0,75.94444399999999,4.0,1.1667,-1
1.0,4.0,0.0,0.0,2.0,0.0,0.0,0.0,1.0,2.0,5.0,0.0,0.0,1.0,1.0,0.0,0.0,4.0,0.0,0.0,-1
35.0,1.0,0.0,0.0,35.0,595.0,0.0,0.0,35.0,2.0,35.0,0.0,0.0,0.0,0.371429,0.0,0.0,0.0,1.0,1.0,-1
19.0,1.0,0.0,0.0,19.0,171.0,0.0,0.0,19.0,2.0,19.0,0.0,0.0,0.0,0.438596,0.0,0.0,0.0,1.0,1.0,-1
15.0,4.0,0.0,3.0,18.0,105.0,0.0,3.0,15.0,2.0,83.0,0.0,0.0,0.854167,0.533333,1.0,6.0,4.533333,1.0,0.9333,-1
23.0,4.0,0.0,2.0,26.0,253.0,0.0,2.0,23.0,2.0,127.0,0.0,0.0,0.810345,0.5217390000000001,0.0,0.0,4.521739,1.0,0.9565,-1
10.0,2.0,0.0,6.0,39.0,37.0,1.0,5.0,7.0,0.7098770000000001,967.0,1.0,2.0,0.333333,0.28571399999999997,0.0,0.0,93.9,1.0,0.8,-1
4.0,1.0,0.0,0.0,4.0,6.0,0.0,0.0,4.0,2.0,4.0,0.0,0.0,0.0,0.75,0.0,0.0,0.0,1.0,1.0,-1
5.0,1.0,14.0,17.0,6.0,10.0,15.0,2.0,5.0,1.25,13.0,1.0,0.0,0.0,0.533333,0.0,0.0,1.4,1.0,0.8,-1
24.0,1.0,6.0,10.0,39.0,234.0,7.0,9.0,0.0,1.023551,268.0,0.0,1.0,0.0,0.195652,0.0,0.0,9.166667,2.0,0.9583,-1
14.0,1.0,0.0,0.0,15.0,81.0,0.0,0.0,14.0,0.876923,75.0,1.0,0.0,0.0,0.392857,0.0,0.0,4.0,1.0,0.7143,-1
9.0,4.0,0.0,3.0,12.0,36.0,0.0,3.0,9.0,2.0,50.0,0.0,0.0,0.911111,0.555556,1.0,6.0,4.555556,1.0,0.8889,-1
10.0,1.0,0.0,4.0,21.0,0.0,2.0,2.0,10.0,0.0,93.0,1.0,0.0,0.0,0.533333,0.0,0.0,8.2,2.0,1.1,-1
15.0,1.0,0.0,0.0,16.0,105.0,0.0,0.0,15.0,2.0,34.0,0.0,0.0,0.0,0.28571399999999997,0.0,0.0,1.266667,1.0,0.9333,-1
5.0,1.0,1.0,4.0,21.0,0.0,3.0,2.0,4.0,0.25,264.0,1.0,1.0,0.0,0.44,0.0,0.0,50.6,22.0,6.0,-1
4.0,2.0,0.0,2.0,8.0,4.0,0.0,2.0,2.0,0.666667,31.0,1.0,1.0,0.666667,0.5,0.0,0.0,6.5,1.0,0.5,-1
6.0,1.0,0.0,0.0,6.0,15.0,0.0,0.0,6.0,2.0,6.0,0.0,0.0,0.0,0.75,0.0,0.0,0.0,1.0,1.0,-1
8.0,2.0,0.0,2.0,32.0,10.0,1.0,2.0,7.0,1.040816,223.0,0.214286,0.0,0.5882350000000001,0.46875,1.0,1.0,25.125,6.0,1.5,-1
0.0,1.0,0.0,2.0,0.0,0.0,1.0,1.0,0.0,2.0,0.0,0.0,0.0,0.0,0.0,0.0,0.0,0.0,0.0,0.0,-1
2.0,1.0,0.0,0.0,2.0,1.0,0.0,0.0,2.0,2.0,2.0,0.0,0.0,0.0,0.75,0.0,0.0,0.0,1.0,1.0,-1
9.0,1.0,0.0,9.0,22.0,18.0,7.0,2.0,3.0,1.028846,366.0,0.153846,1.0,0.0,0.31745999999999996,0.0,0.0,38.222221999999995,17.0,4.6667,-1
45.0,1.0,0.0,23.0,108.0,602.0,7.0,17.0,16.0,0.9427760000000001,2550.0,0.07142899999999999,15.0,0.0,0.15303,0.0,0.0,54.422222,2.0,1.0222,-1
1.0,1.0,0.0,16.0,1.0,0.0,16.0,0.0,1.0,2.0,1.0,0.0,0.0,0.0,1.0,0.0,0.0,0.0,1.0,1.0,-1
5.0,4.0,0.0,2.0,8.0,10.0,0.0,2.0,5.0,2.0,28.0,0.0,0.0,0.959184,0.6,0.0,0.0,4.6,1.0,0.8,-1
8.0,1.0,0.0,2.0,8.0,28.0,1.0,1.0,8.0,2.0,8.0,0.0,0.0,0.0,0.5,0.0,0.0,0.0,1.0,1.0,-1
9.0,4.0,0.0,3.0,12.0,36.0,0.0,3.0,9.0,2.0,50.0,0.0,0.0,0.911111,0.555556,1.0,4.0,4.555556,1.0,0.8889,-1
61.0,3.0,0.0,25.0,109.0,1294.0,16.0,22.0,48.0,0.890476,2553.0,0.9523809999999999,1.0,0.6027399999999999,0.22623000000000001,2.0,10.0,40.508196999999996,12.0,2.4918,-1
3.0,4.0,0.0,2.0,7.0,3.0,0.0,2.0,3.0,2.0,19.0,0.0,0.0,0.979167,0.666667,0.0,0.0,5.3333330000000005,1.0,0.6667,-1
22.0,1.0,0.0,0.0,22.0,231.0,0.0,0.0,22.0,2.0,22.0,0.0,0.0,0.0,0.28181799999999996,0.0,0.0,0.0,1.0,1.0,-1
7.0,4.0,0.0,3.0,10.0,21.0,0.0,3.0,7.0,2.0,39.0,0.0,0.0,0.931818,0.571429,1.0,6.0,4.571429,1.0,0.8571,-1
11.0,4.0,0.0,3.0,14.0,55.0,0.0,3.0,11.0,2.0,61.0,0.0,0.0,0.8913040000000001,0.545455,1.0,6.0,4.5454550000000005,1.0,0.9091,-1
5.0,3.0,0.0,3.0,10.0,10.0,1.0,2.0,5.0,2.0,76.0,0.0,0.0,0.985507,0.55,1.0,1.0,14.2,2.0,0.4,-1
3.0,1.0,0.0,1.0,5.0,0.0,1.0,0.0,3.0,1.0,224.0,1.0,0.0,0.0,0.833333,0.0,0.0,72.666667,8.0,4.6667,-1
70.0,1.0,0.0,17.0,192.0,1069.0,1.0,16.0,22.0,0.92296,7218.0,1.0,15.0,0.0,0.148033,0.0,0.0,101.028571,3.0,1.0429,-1
20.0,1.0,0.0,0.0,20.0,190.0,0.0,0.0,20.0,2.0,20.0,0.0,0.0,0.0,0.75,0.0,0.0,0.0,1.0,1.0,-1
5.0,1.0,3.0,12.0,15.0,8.0,7.0,9.0,3.0,0.75,191.0,1.0,0.0,0.0,0.333333,0.0,0.0,36.6,1.0,0.6,-1
7.0,4.0,0.0,3.0,10.0,21.0,0.0,3.0,7.0,2.0,39.0,0.0,0.0,0.931818,0.571429,1.0,6.0,4.571429,1.0,0.8571,-1
3.0,1.0,0.0,0.0,3.0,3.0,0.0,0.0,3.0,2.0,3.0,0.0,0.0,0.0,0.666667,0.0,0.0,0.0,1.0,1.0,-1
12.0,1.0,0.0,0.0,24.0,0.0,0.0,0.0,12.0,0.30303,178.0,0.0,0.0,0.0,0.4375,0.0,0.0,13.583332999999998,2.0,1.25,-1
4.0,3.0,0.0,6.0,13.0,0.0,1.0,6.0,1.0,0.666667,84.0,0.5,0.0,0.94,0.5,2.0,7.0,19.5,2.0,1.0,-1
7.0,4.0,0.0,3.0,10.0,21.0,0.0,3.0,7.0,2.0,39.0,0.0,0.0,0.931818,0.571429,1.0,6.0,4.571429,1.0,0.8571,-1
5.0,1.0,0.0,2.0,10.0,4.0,1.0,1.0,0.0,0.875,185.0,0.5,1.0,0.0,0.333333,0.0,0.0,35.6,3.0,1.0,-1
5.0,1.0,0.0,4.0,9.0,0.0,3.0,1.0,5.0,0.166667,233.0,1.0,1.0,0.0,0.533333,0.0,0.0,45.0,4.0,1.4,-1
10.0,2.0,0.0,6.0,38.0,13.0,1.0,5.0,7.0,0.524691,1265.0,0.9444440000000001,2.0,0.333333,0.314286,0.0,0.0,123.7,1.0,0.8,-1
16.0,1.0,0.0,0.0,16.0,120.0,0.0,0.0,16.0,2.0,16.0,0.0,0.0,0.0,0.6875,0.0,0.0,0.0,1.0,1.0,-1
0.0,1.0,0.0,2.0,0.0,0.0,1.0,1.0,0.0,2.0,0.0,0.0,0.0,0.0,0.0,0.0,0.0,0.0,0.0,0.0,-1
1.0,4.0,0.0,0.0,2.0,0.0,0.0,0.0,1.0,2.0,5.0,0.0,0.0,1.0,1.0,0.0,0.0,4.0,0.0,0.0,-1
4.0,4.0,0.0,5.0,18.0,0.0,1.0,5.0,1.0,0.666667,117.0,0.5,0.0,0.955224,0.5,4.0,9.0,27.75,7.0,2.25,-1
12.0,1.0,0.0,9.0,19.0,24.0,8.0,2.0,11.0,0.924242,855.0,0.0,0.0,0.0,0.291667,1.0,1.0,68.75,28.0,5.0833,-1
3.0,3.0,0.0,0.0,4.0,1.0,0.0,0.0,2.0,0.5,247.0,0.0,0.0,0.974359,1.0,0.0,0.0,81.0,1.0,0.3333,-1
2.0,1.0,0.0,0.0,2.0,1.0,0.0,0.0,2.0,2.0,2.0,0.0,0.0,0.0,0.75,0.0,0.0,0.0,1.0,1.0,-1
2.0,4.0,0.0,4.0,3.0,0.0,4.0,0.0,2.0,0.0,13.0,0.0,0.0,0.9444440000000001,0.666667,0.0,0.0,5.0,1.0,0.5,-1
1.0,1.0,0.0,4.0,2.0,0.0,4.0,0.0,0.0,2.0,14.0,0.0,0.0,0.0,1.0,0.0,0.0,3.0,0.0,0.0,-1
5.0,1.0,0.0,10.0,14.0,0.0,9.0,1.0,4.0,1.166667,201.0,0.083333,0.0,0.0,0.5,0.0,0.0,34.4,9.0,2.2,-1
26.0,1.0,0.0,0.0,26.0,325.0,0.0,0.0,26.0,2.0,26.0,0.0,0.0,0.0,0.5,0.0,0.0,0.0,1.0,1.0,-1
9.0,4.0,0.0,3.0,12.0,36.0,0.0,3.0,9.0,2.0,50.0,0.0,0.0,0.911111,0.555556,1.0,5.0,4.555556,1.0,0.8889,-1
4.0,1.0,0.0,2.0,4.0,6.0,1.0,1.0,4.0,2.0,4.0,0.0,0.0,0.0,0.75,0.0,0.0,0.0,1.0,1.0,-1
7.0,1.0,0.0,7.0,13.0,5.0,1.0,6.0,7.0,0.366667,1019.0,1.0,3.0,0.0,0.387755,0.0,0.0,143.85714299999998,1.0,0.7143,-1
7.0,4.0,0.0,3.0,10.0,21.0,0.0,3.0,7.0,2.0,39.0,0.0,0.0,0.931818,0.571429,1.0,6.0,4.571429,1.0,0.8571,-1
4.0,3.0,0.0,5.0,17.0,0.0,1.0,5.0,1.0,0.666667,85.0,0.5,0.0,0.9464290000000001,0.5,2.0,7.0,19.75,1.0,0.75,-1
1.0,1.0,0.0,0.0,1.0,0.0,0.0,0.0,1.0,2.0,1.0,0.0,0.0,0.0,1.0,0.0,0.0,0.0,1.0,1.0,-1
4.0,1.0,0.0,2.0,4.0,6.0,1.0,1.0,4.0,2.0,4.0,0.0,0.0,0.0,0.75,0.0,0.0,0.0,1.0,1.0,-1
4.0,4.0,0.0,2.0,6.0,6.0,1.0,2.0,4.0,1.333333,16.0,0.0,0.0,0.975309,0.625,2.0,5.0,2.75,1.0,0.5,-1
9.0,1.0,4.0,8.0,11.0,20.0,6.0,2.0,0.0,0.825,77.0,1.0,3.0,0.0,0.518519,0.0,0.0,7.0,1.0,0.8889,-1
15.0,4.0,0.0,2.0,30.0,105.0,0.0,2.0,15.0,2.0,126.0,0.0,0.0,0.8703700000000001,0.4,0.0,0.0,7.4,3.0,1.1333,-1
2.0,1.0,0.0,0.0,2.0,1.0,0.0,0.0,2.0,2.0,2.0,0.0,0.0,0.0,0.75,0.0,0.0,0.0,1.0,1.0,-1
5.0,1.0,0.0,10.0,5.0,10.0,6.0,4.0,5.0,2.0,5.0,0.0,0.0,0.0,0.4,0.0,0.0,0.0,1.0,1.0,-1
13.0,2.0,0.0,6.0,75.0,18.0,2.0,4.0,10.0,2.0,1000.0,0.0,0.0,0.8615379999999999,0.23931599999999997,2.0,7.0,75.923077,30.0,7.5385,-1
7.0,4.0,0.0,2.0,11.0,21.0,0.0,2.0,7.0,2.0,43.0,0.0,0.0,0.94,0.571429,0.0,0.0,5.142857,1.0,0.8571,-1
10.0,2.0,0.0,7.0,29.0,33.0,1.0,6.0,7.0,0.8253969999999999,181.0,0.857143,2.0,0.333333,0.244444,0.0,0.0,16.4,4.0,1.1,-1
3.0,4.0,0.0,3.0,6.0,3.0,1.0,2.0,3.0,2.0,17.0,0.0,0.0,0.979167,0.666667,0.0,0.0,4.6666669999999995,1.0,0.6667,-1
5.0,4.0,0.0,2.0,10.0,10.0,0.0,2.0,5.0,2.0,31.0,0.0,0.0,0.959184,0.45,1.0,2.0,5.2,1.0,0.8,-1
8.0,1.0,0.0,2.0,8.0,28.0,1.0,1.0,8.0,2.0,8.0,0.0,0.0,0.0,0.75,0.0,0.0,0.0,1.0,1.0,-1
8.0,1.0,0.0,6.0,17.0,4.0,3.0,3.0,8.0,0.653061,184.0,1.0,2.0,0.0,0.303571,0.0,0.0,21.125,2.0,1.5,-1
9.0,4.0,0.0,2.0,15.0,36.0,0.0,2.0,9.0,2.0,52.0,0.0,0.0,0.9215690000000001,0.416667,0.0,0.0,4.777778,1.0,0.8889,-1
9.0,4.0,0.0,3.0,12.0,36.0,0.0,3.0,9.0,2.0,50.0,0.0,0.0,0.911111,0.555556,1.0,6.0,4.555556,1.0,0.8889,-1
18.0,1.0,0.0,2.0,18.0,153.0,1.0,1.0,18.0,2.0,18.0,0.0,0.0,0.0,0.75,0.0,0.0,0.0,1.0,1.0,-1
8.0,1.0,0.0,0.0,8.0,28.0,0.0,0.0,8.0,2.0,8.0,0.0,0.0,0.0,0.5,0.0,0.0,0.0,1.0,1.0,-1
20.0,4.0,0.0,6.0,42.0,190.0,2.0,6.0,19.0,1.0,284.0,0.0,1.0,0.831858,0.275,0.0,0.0,13.15,4.0,2.0,-1
12.0,1.0,0.0,0.0,12.0,66.0,0.0,0.0,12.0,2.0,12.0,0.0,0.0,0.0,0.354167,0.0,0.0,0.0,1.0,1.0,-1
8.0,1.0,0.0,11.0,8.0,28.0,7.0,5.0,8.0,2.0,8.0,0.0,0.0,0.0,0.363636,0.0,0.0,0.0,1.0,1.0,-1
23.0,4.0,0.0,3.0,32.0,253.0,0.0,3.0,23.0,2.0,149.0,0.0,0.0,0.810345,0.295652,1.0,3.0,5.478261,3.0,1.1304,-1
2.0,2.0,0.0,8.0,14.0,1.0,1.0,8.0,1.0,2.0,140.0,0.0,0.0,0.75,0.571429,2.0,2.0,69.0,1.0,0.5,-1
10.0,1.0,0.0,2.0,10.0,45.0,1.0,1.0,10.0,2.0,10.0,0.0,0.0,0.0,0.75,0.0,0.0,0.0,1.0,1.0,-1
4.0,3.0,0.0,7.0,28.0,0.0,1.0,7.0,1.0,0.666667,176.0,0.5,0.0,0.947368,0.5,2.0,5.0,42.5,8.0,2.5,-1
34.0,1.0,0.0,0.0,34.0,561.0,0.0,0.0,34.0,2.0,34.0,0.0,0.0,0.0,0.282353,0.0,0.0,0.0,1.0,1.0,-1
29.0,1.0,0.0,0.0,29.0,406.0,0.0,0.0,29.0,2.0,29.0,0.0,0.0,0.0,0.37069,0.0,0.0,0.0,1.0,1.0,-1
0.0,1.0,0.0,2.0,0.0,0.0,1.0,1.0,0.0,2.0,0.0,0.0,0.0,0.0,0.0,0.0,0.0,0.0,0.0,0.0,-1
3.0,4.0,0.0,2.0,8.0,3.0,0.0,2.0,3.0,2.0,20.0,0.0,0.0,0.979167,0.5,0.0,0.0,5.6666669999999995,1.0,0.6667,-1
8.0,1.0,0.0,7.0,12.0,20.0,1.0,6.0,8.0,0.333333,464.0,1.0,2.0,0.0,0.464286,0.0,0.0,56.25,1.0,0.625,-1
2.0,1.0,0.0,2.0,2.0,1.0,1.0,1.0,2.0,2.0,2.0,0.0,0.0,0.0,0.75,0.0,0.0,0.0,1.0,1.0,-1
55.0,1.0,3.0,10.0,125.0,811.0,3.0,7.0,36.0,0.787654,1901.0,0.933333,3.0,0.0,0.127273,0.0,0.0,33.290909,13.0,2.9273,-1
19.0,1.0,0.0,1.0,49.0,149.0,1.0,0.0,10.0,0.9673200000000001,703.0,0.941176,0.0,0.0,0.23333299999999998,0.0,0.0,35.105263,15.0,2.7895,-1
14.0,4.0,0.0,5.0,29.0,91.0,2.0,4.0,12.0,1.0,172.0,1.0,1.0,0.878505,0.357143,0.0,0.0,11.214286,4.0,1.7857,-1
7.0,4.0,0.0,3.0,10.0,21.0,0.0,3.0,7.0,2.0,39.0,0.0,0.0,0.931818,0.571429,1.0,6.0,4.571429,1.0,0.8571,-1
2.0,1.0,0.0,2.0,2.0,1.0,1.0,1.0,2.0,2.0,2.0,0.0,0.0,0.0,0.75,0.0,0.0,0.0,1.0,1.0,-1
6.0,3.0,1.0,4.0,10.0,9.0,3.0,2.0,6.0,0.9,46.0,0.5,0.0,0.9152540000000001,0.5,1.0,5.0,6.3333330000000005,2.0,1.3333,-1
2.0,1.0,0.0,0.0,2.0,1.0,0.0,0.0,2.0,2.0,2.0,0.0,0.0,0.0,0.75,0.0,0.0,0.0,1.0,1.0,-1
14.0,1.0,0.0,0.0,14.0,91.0,0.0,0.0,14.0,2.0,14.0,0.0,0.0,0.0,0.5,0.0,0.0,0.0,1.0,1.0,-1
9.0,1.0,6.0,10.0,12.0,0.0,6.0,4.0,5.0,0.65,183.0,1.0,3.0,0.0,0.466667,0.0,0.0,18.222222,2.0,0.8889,-1
11.0,4.0,0.0,3.0,14.0,55.0,0.0,3.0,11.0,2.0,61.0,0.0,0.0,0.8913040000000001,0.545455,1.0,4.0,4.5454550000000005,1.0,0.9091,-1
23.0,3.0,52.0,55.0,42.0,253.0,53.0,3.0,17.0,2.0,249.0,0.0,0.0,0.765957,0.45652200000000004,1.0,2.0,9.826087,4.0,1.6087,-1
2.0,1.0,0.0,0.0,2.0,1.0,0.0,0.0,2.0,2.0,2.0,0.0,0.0,0.0,0.75,0.0,0.0,0.0,1.0,1.0,-1
13.0,4.0,0.0,2.0,16.0,78.0,1.0,2.0,13.0,2.0,72.0,0.0,0.0,0.886792,0.538462,0.0,0.0,4.538462,1.0,0.9231,-1
20.0,1.0,0.0,10.0,38.0,62.0,5.0,5.0,13.0,0.708134,601.0,0.636364,4.0,0.0,0.23308299999999998,0.0,0.0,28.5,11.0,2.65,-1
6.0,1.0,0.0,2.0,11.0,0.0,2.0,0.0,6.0,0.8444440000000001,608.0,0.0,0.0,0.0,0.458333,0.0,0.0,98.833333,8.0,2.5,-1
2.0,2.0,0.0,8.0,5.0,1.0,1.0,8.0,1.0,2.0,145.0,0.0,0.0,0.75,0.571429,0.0,0.0,71.5,1.0,0.5,-1
6.0,1.0,0.0,0.0,6.0,15.0,0.0,0.0,6.0,2.0,6.0,0.0,0.0,0.0,0.611111,0.0,0.0,0.0,1.0,1.0,-1
6.0,1.0,0.0,2.0,6.0,15.0,1.0,1.0,6.0,2.0,6.0,0.0,0.0,0.0,0.75,0.0,0.0,0.0,1.0,1.0,-1
5.0,1.0,0.0,0.0,5.0,10.0,0.0,0.0,5.0,2.0,5.0,0.0,0.0,0.0,0.7,0.0,0.0,0.0,1.0,1.0,-1
10.0,2.0,0.0,7.0,35.0,35.0,1.0,6.0,6.0,0.673611,686.0,1.0,3.0,0.333333,0.23333299999999998,0.0,0.0,66.0,1.0,0.8,-1
5.0,4.0,0.0,2.0,8.0,10.0,0.0,2.0,5.0,2.0,28.0,0.0,0.0,0.959184,0.6,0.0,0.0,4.6,1.0,0.8,-1
5.0,4.0,0.0,3.0,8.0,10.0,0.0,3.0,5.0,2.0,28.0,0.0,0.0,0.9534879999999999,0.6,1.0,4.0,4.6,1.0,0.8,-1
10.0,1.0,0.0,10.0,13.0,5.0,10.0,0.0,8.0,0.9084969999999999,7825.0,0.17647100000000002,0.0,0.0,0.25,0.0,0.0,779.8,9.0,4.7,-1
7.0,4.0,0.0,3.0,10.0,21.0,0.0,3.0,7.0,2.0,39.0,0.0,0.0,0.931818,0.571429,1.0,4.0,4.571429,1.0,0.8571,-1
10.0,4.0,1.0,5.0,15.0,37.0,4.0,2.0,10.0,0.933333,93.0,0.8,0.0,0.897727,0.4,2.0,6.0,7.8,2.0,1.6,-1
5.0,3.0,0.0,4.0,22.0,0.0,1.0,4.0,1.0,0.75,118.0,0.5,0.0,0.9215690000000001,0.466667,2.0,8.0,22.2,7.0,2.0,-1
16.0,1.0,0.0,2.0,16.0,120.0,1.0,1.0,16.0,2.0,16.0,0.0,0.0,0.0,0.375,0.0,0.0,0.0,1.0,1.0,-1
12.0,1.0,0.0,0.0,12.0,66.0,0.0,0.0,12.0,2.0,12.0,0.0,0.0,0.0,0.5,0.0,0.0,0.0,1.0,1.0,-1
3.0,3.0,0.0,0.0,4.0,1.0,0.0,0.0,2.0,0.5,2145.0,0.0,0.0,0.974359,1.0,0.0,0.0,713.666667,1.0,0.3333,-1
1.0,1.0,0.0,6.0,2.0,0.0,5.0,1.0,1.0,2.0,12.0,0.0,2.0,0.0,1.0,0.0,0.0,3.0,0.0,0.0,-1
5.0,4.0,0.0,3.0,8.0,10.0,0.0,3.0,5.0,2.0,28.0,0.0,0.0,0.9534879999999999,0.6,1.0,4.0,4.6,1.0,0.8,-1
2.0,1.0,0.0,0.0,2.0,1.0,0.0,0.0,2.0,2.0,2.0,0.0,0.0,0.0,0.75,0.0,0.0,0.0,1.0,1.0,-1
11.0,4.0,0.0,3.0,14.0,55.0,0.0,3.0,11.0,2.0,61.0,0.0,0.0,0.8913040000000001,0.545455,1.0,6.0,4.5454550000000005,1.0,0.9091,-1
11.0,1.0,0.0,0.0,11.0,55.0,0.0,0.0,11.0,2.0,11.0,0.0,0.0,0.0,0.348485,0.0,0.0,0.0,1.0,1.0,-1
23.0,1.0,0.0,0.0,23.0,253.0,0.0,0.0,23.0,2.0,23.0,0.0,0.0,0.0,0.347826,0.0,0.0,0.0,1.0,1.0,-1
6.0,2.0,0.0,5.0,14.0,0.0,2.0,3.0,1.0,0.2,154.0,1.0,2.0,0.6153850000000001,0.416667,1.0,2.0,24.333333,1.0,0.8333,-1
4.0,1.0,0.0,2.0,4.0,6.0,1.0,1.0,4.0,2.0,4.0,0.0,0.0,0.0,0.75,0.0,0.0,0.0,1.0,1.0,-1
3.0,4.0,0.0,4.0,7.0,0.0,1.0,4.0,1.0,0.75,33.0,0.5,0.0,0.966102,0.555556,2.0,7.0,9.333333,1.0,0.6667,-1
9.0,4.0,0.0,2.0,12.0,36.0,0.0,2.0,9.0,2.0,50.0,0.0,0.0,0.9215690000000001,0.555556,0.0,0.0,4.555556,1.0,0.8889,-1
38.0,4.0,0.0,3.0,49.0,703.0,0.0,3.0,38.0,2.0,229.0,0.0,0.0,0.717557,0.29473699999999997,1.0,3.0,5.0263160000000005,3.0,1.0789,-1
25.0,4.0,0.0,3.0,32.0,300.0,0.0,3.0,25.0,2.0,142.0,0.0,0.0,0.7735850000000001,0.312,1.0,7.0,4.68,1.0,0.96,-1
5.0,4.0,0.0,3.0,8.0,10.0,0.0,3.0,5.0,2.0,28.0,0.0,0.0,0.9534879999999999,0.6,1.0,4.0,4.6,1.0,0.8,-1
22.0,4.0,0.0,5.0,39.0,231.0,0.0,5.0,22.0,0.9523809999999999,179.0,1.0,1.0,0.817391,0.25,1.0,1.0,7.090909,3.0,1.2273,-1
20.0,1.0,0.0,2.0,20.0,190.0,1.0,1.0,20.0,2.0,20.0,0.0,0.0,0.0,0.375,0.0,0.0,0.0,1.0,1.0,-1
8.0,2.0,0.0,3.0,22.0,0.0,1.0,2.0,6.0,0.6190479999999999,109.0,1.0,1.0,0.7,0.3,1.0,1.0,12.25,1.0,0.75,-1
5.0,4.0,1.0,7.0,13.0,2.0,4.0,4.0,5.0,0.833333,52.0,0.666667,1.0,0.951807,0.4,2.0,6.0,8.8,2.0,1.2,-1
5.0,1.0,0.0,6.0,14.0,0.0,5.0,1.0,4.0,1.159091,205.0,0.136364,0.0,0.0,0.5,0.0,0.0,35.6,9.0,2.2,-1
2.0,1.0,0.0,0.0,2.0,1.0,0.0,0.0,2.0,2.0,2.0,0.0,0.0,0.0,0.75,0.0,0.0,0.0,1.0,1.0,-1
3.0,3.0,0.0,0.0,4.0,1.0,0.0,0.0,2.0,0.5,923.0,0.0,0.0,0.974359,1.0,0.0,0.0,306.333333,1.0,0.3333,-1
2.0,1.0,0.0,2.0,2.0,1.0,1.0,1.0,2.0,2.0,2.0,0.0,0.0,0.0,0.75,0.0,0.0,0.0,1.0,1.0,-1
5.0,4.0,0.0,2.0,8.0,10.0,0.0,2.0,5.0,2.0,28.0,0.0,0.0,0.959184,0.6,0.0,0.0,4.6,1.0,0.8,-1
19.0,4.0,0.0,3.0,24.0,171.0,0.0,3.0,19.0,2.0,107.0,0.0,0.0,0.82,0.394737,1.0,6.0,4.631579,1.0,0.9474,-1
9.0,4.0,0.0,0.0,15.0,28.0,0.0,0.0,8.0,0.375,106.0,1.0,0.0,0.8,0.466667,0.0,0.0,10.333333,1.0,0.5556,-1
7.0,4.0,0.0,3.0,10.0,21.0,0.0,3.0,7.0,2.0,39.0,0.0,0.0,0.931818,0.571429,1.0,6.0,4.571429,1.0,0.8571,-1
4.0,1.0,0.0,0.0,4.0,6.0,0.0,0.0,4.0,2.0,4.0,0.0,0.0,0.0,0.75,0.0,0.0,0.0,1.0,1.0,-1
13.0,1.0,0.0,0.0,13.0,78.0,0.0,0.0,13.0,2.0,13.0,0.0,0.0,0.0,0.461538,0.0,0.0,0.0,1.0,1.0,-1
7.0,4.0,0.0,2.0,11.0,21.0,0.0,2.0,7.0,2.0,43.0,0.0,0.0,0.94,0.571429,0.0,0.0,5.142857,1.0,0.8571,-1
18.0,2.0,1.0,7.0,79.0,109.0,2.0,5.0,11.0,0.5882350000000001,1196.0,0.5,0.0,0.8235290000000001,0.186275,1.0,8.0,65.333333,37.0,7.1111,-1
9.0,2.0,0.0,7.0,23.0,0.0,2.0,5.0,2.0,0.375,147.0,1.0,1.0,0.533333,0.355556,1.0,2.0,15.111111,2.0,0.8889,-1
19.0,4.0,0.0,2.0,24.0,171.0,0.0,2.0,19.0,2.0,105.0,0.0,0.0,0.8392860000000001,0.394737,0.0,0.0,4.5263160000000005,1.0,0.9474,-1
46.0,1.0,0.0,4.0,111.0,683.0,0.0,4.0,27.0,0.838889,2103.0,1.0,2.0,0.0,0.13777799999999998,0.0,0.0,44.543478,19.0,4.0435,-1
15.0,4.0,0.0,3.0,38.0,105.0,1.0,2.0,15.0,2.0,195.0,0.0,0.0,0.8703700000000001,0.32,1.0,1.0,12.0,6.0,1.7333,-1
4.0,1.0,0.0,2.0,4.0,6.0,1.0,1.0,4.0,2.0,4.0,0.0,0.0,0.0,0.75,0.0,0.0,0.0,1.0,1.0,-1
8.0,1.0,0.0,2.0,8.0,28.0,1.0,1.0,8.0,2.0,8.0,0.0,0.0,0.0,0.75,0.0,0.0,0.0,1.0,1.0,-1
8.0,2.0,0.0,7.0,13.0,0.0,7.0,0.0,7.0,0.767857,284.0,1.0,0.0,0.5625,0.40625,1.0,2.0,33.5,2.0,1.0,-1
5.0,4.0,0.0,3.0,8.0,10.0,0.0,3.0,5.0,2.0,28.0,0.0,0.0,0.9534879999999999,0.6,1.0,4.0,4.6,1.0,0.8,-1
2.0,1.0,0.0,0.0,17.0,1.0,0.0,0.0,2.0,2.0,103.0,0.0,0.0,0.0,0.5,0.0,0.0,50.0,10.0,5.0,-1
9.0,4.0,0.0,2.0,13.0,36.0,0.0,2.0,9.0,2.0,52.0,0.0,0.0,0.9215690000000001,0.555556,1.0,1.0,4.777778,1.0,0.8889,-1
5.0,1.0,0.0,0.0,5.0,10.0,0.0,0.0,5.0,2.0,5.0,0.0,0.0,0.0,0.7,0.0,0.0,0.0,1.0,1.0,-1
38.0,1.0,0.0,0.0,38.0,703.0,0.0,0.0,38.0,2.0,38.0,0.0,0.0,0.0,0.355263,0.0,0.0,0.0,1.0,1.0,-1
30.0,1.0,0.0,52.0,50.0,67.0,49.0,4.0,26.0,0.829023,2121.0,0.916667,2.0,0.0,0.338889,0.0,0.0,68.9,9.0,3.1667,-1
11.0,1.0,1.0,1.0,18.0,15.0,1.0,0.0,11.0,0.5,102.0,1.0,0.0,0.0,0.43181800000000004,0.0,0.0,8.090909,1.0,0.9091,-1
3.0,3.0,0.0,0.0,4.0,1.0,0.0,0.0,2.0,0.5,325.0,0.0,0.0,0.974359,1.0,0.0,0.0,107.0,1.0,0.3333,-1
49.0,1.0,9.0,16.0,87.0,866.0,15.0,11.0,2.0,0.995139,2172.0,0.366667,20.0,0.0,0.1875,0.0,0.0,42.102041,24.0,2.2857,-1
5.0,2.0,0.0,5.0,11.0,0.0,2.0,3.0,1.0,0.25,60.0,1.0,1.0,0.666667,0.45,1.0,2.0,10.8,1.0,0.8,-1
36.0,4.0,0.0,6.0,58.0,630.0,1.0,6.0,35.0,1.0,471.0,1.0,2.0,0.7286819999999999,0.214286,0.0,0.0,12.027778,7.0,2.0,-1
24.0,1.0,0.0,0.0,24.0,276.0,0.0,0.0,24.0,1.0434780000000001,28.0,0.0,0.0,0.0,0.270833,0.0,0.0,0.0,1.0,1.0,-1
4.0,1.0,0.0,2.0,4.0,6.0,1.0,1.0,4.0,2.0,4.0,0.0,0.0,0.0,0.75,0.0,0.0,0.0,1.0,1.0,-1
1.0,1.0,0.0,0.0,2.0,0.0,0.0,0.0,1.0,2.0,4.0,0.0,0.0,0.0,1.0,0.0,0.0,3.0,0.0,0.0,-1
7.0,2.0,0.0,7.0,27.0,15.0,1.0,6.0,6.0,0.740741,393.0,1.0,1.0,0.44444399999999995,0.333333,1.0,1.0,53.85714300000001,1.0,0.7143,-1
11.0,1.0,0.0,5.0,37.0,0.0,0.0,5.0,11.0,0.716667,332.0,1.0,3.0,0.0,0.318182,0.0,0.0,28.636364,1.0,0.9091,-1
21.0,4.0,0.0,3.0,28.0,210.0,0.0,3.0,21.0,2.0,118.0,0.0,0.0,0.803922,0.314286,1.0,7.0,4.619048,1.0,0.9524,-1
5.0,4.0,0.0,2.0,10.0,10.0,0.0,2.0,5.0,2.0,52.0,0.0,0.0,0.959184,0.6,0.0,0.0,9.4,3.0,1.6,-1
8.0,1.0,0.0,9.0,8.0,28.0,8.0,1.0,8.0,2.0,8.0,0.0,0.0,0.0,0.583333,0.0,0.0,0.0,1.0,1.0,-1
2.0,1.0,0.0,0.0,2.0,1.0,0.0,0.0,2.0,2.0,2.0,0.0,0.0,0.0,0.75,0.0,0.0,0.0,1.0,1.0,-1
13.0,4.0,0.0,2.0,21.0,78.0,0.0,2.0,13.0,2.0,103.0,0.0,0.0,0.886792,0.403846,0.0,0.0,6.923077,3.0,1.2308,-1
8.0,2.0,0.0,5.0,15.0,26.0,1.0,4.0,7.0,0.785714,56.0,1.0,1.0,0.4,0.28571399999999997,0.0,0.0,5.75,1.0,0.75,-1
3.0,4.0,0.0,2.0,6.0,3.0,0.0,2.0,3.0,2.0,17.0,0.0,0.0,0.979167,0.5,0.0,0.0,4.6666669999999995,1.0,0.6667,-1
3.0,1.0,0.0,7.0,3.0,3.0,7.0,0.0,3.0,2.0,3.0,0.0,0.0,0.0,0.666667,0.0,0.0,0.0,1.0,1.0,-1
17.0,4.0,0.0,3.0,23.0,136.0,0.0,3.0,17.0,0.9375,98.0,1.0,1.0,0.8545450000000001,0.490196,0.0,0.0,4.705882,2.0,1.0,-1
17.0,2.0,0.0,3.0,34.0,0.0,1.0,2.0,16.0,0.4625,403.0,1.0,0.0,0.515152,0.183007,1.0,15.0,22.411765,8.0,2.2353,-1
3.0,5.0,0.0,4.0,9.0,0.0,1.0,4.0,1.0,0.75,44.0,0.5,0.0,0.969231,0.555556,3.0,11.0,13.0,2.0,1.0,-1
3.0,1.0,0.0,2.0,3.0,3.0,2.0,0.0,3.0,2.0,3.0,0.0,0.0,0.0,0.5,0.0,0.0,0.0,1.0,1.0,-1
9.0,4.0,0.0,3.0,12.0,36.0,0.0,3.0,9.0,2.0,50.0,0.0,0.0,0.911111,0.555556,1.0,5.0,4.555556,1.0,0.8889,-1
3.0,4.0,0.0,2.0,6.0,3.0,0.0,2.0,3.0,2.0,17.0,0.0,0.0,0.979167,0.666667,0.0,0.0,4.6666669999999995,1.0,0.6667,-1
6.0,1.0,0.0,8.0,12.0,3.0,6.0,2.0,6.0,0.984615,112.0,0.0,2.0,0.0,0.5,1.0,1.0,13.333332999999998,1.0,0.6667,-1
7.0,2.0,0.0,8.0,30.0,17.0,1.0,7.0,6.0,0.740741,608.0,1.0,2.0,0.44444399999999995,0.333333,0.0,0.0,84.57142900000001,1.0,0.7143,-1
10.0,1.0,0.0,0.0,10.0,45.0,0.0,0.0,10.0,2.0,10.0,0.0,0.0,0.0,0.75,0.0,0.0,0.0,1.0,1.0,-1
7.0,1.0,0.0,0.0,7.0,21.0,0.0,0.0,7.0,2.0,7.0,0.0,0.0,0.0,0.25,0.0,0.0,0.0,1.0,1.0,-1
4.0,2.0,0.0,4.0,8.0,4.0,0.0,4.0,3.0,0.666667,31.0,0.0,1.0,0.666667,0.44444399999999995,0.0,0.0,6.5,1.0,0.5,-1
2.0,1.0,0.0,0.0,2.0,1.0,0.0,0.0,2.0,2.0,2.0,0.0,0.0,0.0,0.75,0.0,0.0,0.0,1.0,1.0,-1
50.0,1.0,1.0,15.0,105.0,711.0,2.0,13.0,3.0,0.8508629999999999,3171.0,0.076923,0.0,0.0,0.194286,0.0,0.0,61.64,55.0,2.48,-1
0.0,1.0,0.0,1.0,0.0,0.0,1.0,0.0,0.0,2.0,0.0,0.0,0.0,0.0,0.0,0.0,0.0,0.0,0.0,0.0,-1
1.0,1.0,0.0,0.0,1.0,0.0,0.0,0.0,1.0,2.0,1.0,0.0,0.0,0.0,1.0,0.0,0.0,0.0,1.0,1.0,-1
3.0,4.0,0.0,2.0,6.0,3.0,0.0,2.0,3.0,2.0,17.0,0.0,0.0,0.979167,0.666667,0.0,0.0,4.6666669999999995,1.0,0.6667,-1
30.0,2.0,0.0,11.0,64.0,0.0,1.0,10.0,22.0,0.522989,2599.0,0.833333,3.0,0.2,0.201149,1.0,2.0,85.233333,4.0,1.3,-1
1.0,1.0,0.0,0.0,1.0,0.0,0.0,0.0,1.0,2.0,1.0,0.0,0.0,0.0,1.0,0.0,0.0,0.0,1.0,1.0,-1
4.0,1.0,0.0,2.0,4.0,6.0,1.0,1.0,4.0,2.0,4.0,0.0,0.0,0.0,0.75,0.0,0.0,0.0,1.0,1.0,-1
0.0,1.0,0.0,2.0,0.0,0.0,1.0,1.0,0.0,2.0,0.0,0.0,0.0,0.0,0.0,0.0,0.0,0.0,0.0,0.0,-1
17.0,4.0,0.0,2.0,23.0,136.0,0.0,2.0,17.0,2.0,96.0,0.0,0.0,0.8545450000000001,0.397059,0.0,0.0,4.647059,1.0,0.9412,-1
4.0,3.0,0.0,5.0,13.0,0.0,1.0,5.0,1.0,0.666667,60.0,0.5,0.0,0.9523809999999999,0.5,2.0,7.0,13.5,2.0,1.0,-1
7.0,4.0,0.0,2.0,12.0,21.0,0.0,2.0,7.0,2.0,39.0,0.0,0.0,0.94,0.428571,0.0,0.0,4.571429,1.0,0.8571,-1
31.0,2.0,0.0,15.0,60.0,0.0,1.0,14.0,24.0,0.813725,2556.0,0.647059,3.0,0.194444,0.188889,1.0,4.0,80.903226,5.0,1.2581,-1
3.0,1.0,0.0,0.0,8.0,3.0,0.0,0.0,2.0,2.0,25.0,0.0,0.0,0.0,0.333333,0.0,0.0,7.3333330000000005,1.0,0.6667,-1
22.0,1.0,0.0,0.0,22.0,231.0,0.0,0.0,22.0,2.0,22.0,0.0,0.0,0.0,0.75,0.0,0.0,0.0,1.0,1.0,-1
4.0,4.0,0.0,3.0,8.0,6.0,0.0,3.0,4.0,1.0,32.0,1.0,1.0,0.9690719999999999,0.583333,0.0,0.0,6.75,2.0,1.0,-1
4.0,1.0,0.0,0.0,4.0,6.0,0.0,0.0,4.0,2.0,4.0,0.0,0.0,0.0,1.0,0.0,0.0,0.0,1.0,1.0,-1
8.0,4.0,0.0,17.0,12.0,0.0,16.0,1.0,8.0,0.28571399999999997,64.0,1.0,0.0,0.818182,0.4375,0.0,0.0,6.75,1.0,0.5,-1
16.0,1.0,0.0,0.0,16.0,120.0,0.0,0.0,16.0,2.0,16.0,0.0,0.0,0.0,0.375,0.0,0.0,0.0,1.0,1.0,-1
4.0,3.0,0.0,6.0,17.0,0.0,1.0,6.0,1.0,0.666667,75.0,0.5,0.0,0.96,0.5,2.0,8.0,17.25,3.0,1.25,-1
3.0,4.0,1.0,3.0,4.0,3.0,2.0,2.0,3.0,1.5,13.0,0.0,0.0,0.967742,0.555556,1.0,4.0,3.0,1.0,0.6667,-1
3.0,4.0,0.0,2.0,6.0,3.0,1.0,2.0,3.0,2.0,17.0,0.0,0.0,0.979167,0.666667,0.0,0.0,4.6666669999999995,1.0,0.6667,-1
8.0,1.0,0.0,0.0,8.0,28.0,0.0,0.0,8.0,2.0,8.0,0.0,0.0,0.0,0.354167,0.0,0.0,0.0,1.0,1.0,-1
3.0,3.0,0.0,5.0,12.0,0.0,1.0,5.0,1.0,0.75,59.0,0.5,0.0,0.9615379999999999,0.555556,2.0,3.0,18.0,1.0,0.6667,-1
2.0,1.0,0.0,0.0,2.0,1.0,0.0,0.0,2.0,2.0,2.0,0.0,0.0,0.0,1.0,0.0,0.0,0.0,1.0,1.0,-1
2.0,1.0,0.0,2.0,2.0,1.0,1.0,1.0,2.0,2.0,2.0,0.0,0.0,0.0,0.75,0.0,0.0,0.0,1.0,1.0,-1
4.0,1.0,0.0,0.0,4.0,6.0,0.0,0.0,4.0,2.0,4.0,0.0,0.0,0.0,0.5,0.0,0.0,0.0,1.0,1.0,-1
3.0,3.0,1.0,3.0,4.0,3.0,2.0,2.0,3.0,1.5,13.0,0.0,0.0,0.9642860000000001,0.555556,1.0,4.0,3.0,1.0,0.6667,-1
3.0,4.0,0.0,4.0,9.0,0.0,1.0,4.0,1.0,0.75,44.0,0.5,0.0,0.967742,0.555556,3.0,12.0,13.0,2.0,1.0,-1
23.0,4.0,0.0,3.0,26.0,253.0,0.0,3.0,23.0,2.0,127.0,0.0,0.0,0.788462,0.5217390000000001,1.0,6.0,4.521739,1.0,0.9565,-1
13.0,4.0,0.0,3.0,18.0,78.0,0.0,3.0,13.0,2.0,73.0,0.0,0.0,0.87234,0.403846,1.0,6.0,4.615385,1.0,0.9231,-1
8.0,1.0,0.0,0.0,8.0,28.0,0.0,0.0,8.0,2.0,8.0,0.0,0.0,0.0,0.75,0.0,0.0,0.0,1.0,1.0,-1
27.0,4.0,0.0,2.0,33.0,351.0,0.0,2.0,27.0,2.0,151.0,0.0,0.0,0.783333,0.388889,0.0,0.0,4.592593,1.0,0.963,-1
22.0,1.0,0.0,0.0,43.0,127.0,0.0,0.0,20.0,0.6984130000000001,161.0,0.0,3.0,0.0,0.15035,0.0,0.0,6.181818,2.0,0.9545,-1
3.0,1.0,0.0,6.0,7.0,1.0,6.0,0.0,0.0,0.5,42.0,0.0,0.0,0.0,0.5,0.0,0.0,11.666667,2.0,0.6667,-1
9.0,3.0,0.0,5.0,16.0,0.0,0.0,5.0,0.0,0.579545,1583.0,1.0,0.0,0.8260870000000001,0.366667,1.0,3.0,173.666667,1.0,0.8889,-1
31.0,4.0,0.0,3.0,46.0,465.0,1.0,2.0,31.0,2.0,259.0,0.0,0.0,0.758065,0.309677,0.0,0.0,7.354839,6.0,1.3871,-1
2.0,1.0,0.0,2.0,2.0,1.0,1.0,1.0,2.0,2.0,2.0,0.0,0.0,0.0,0.75,0.0,0.0,0.0,1.0,1.0,-1
6.0,1.0,0.0,5.0,6.0,15.0,3.0,2.0,6.0,2.0,6.0,0.0,0.0,0.0,0.375,0.0,0.0,0.0,1.0,1.0,-1
3.0,1.0,0.0,5.0,3.0,3.0,5.0,0.0,3.0,2.0,3.0,0.0,0.0,0.0,0.583333,0.0,0.0,0.0,1.0,1.0,-1
39.0,2.0,0.0,10.0,72.0,277.0,1.0,9.0,2.0,1.0,804.0,1.0,0.0,0.571429,0.18421099999999999,1.0,12.0,19.461538,12.0,1.5641,-1
3.0,1.0,0.0,0.0,3.0,3.0,0.0,0.0,3.0,2.0,3.0,0.0,0.0,0.0,1.0,0.0,0.0,0.0,1.0,1.0,-1
8.0,1.0,0.0,1.0,14.0,0.0,1.0,0.0,5.0,0.14285699999999998,574.0,0.0,0.0,0.0,0.520833,0.0,0.0,70.375,8.0,5.625,-1
8.0,1.0,0.0,2.0,8.0,28.0,1.0,1.0,8.0,2.0,8.0,0.0,0.0,0.0,0.75,0.0,0.0,0.0,1.0,1.0,-1
11.0,3.0,35.0,39.0,20.0,55.0,36.0,4.0,7.0,2.0,93.0,0.0,0.0,0.878049,0.43636400000000003,2.0,3.0,7.4545449999999995,3.0,1.2727,-1
12.0,2.0,0.0,7.0,42.0,50.0,1.0,6.0,7.0,0.710227,728.0,1.0,3.0,0.28571399999999997,0.208333,0.0,0.0,58.333332999999996,1.0,0.8333,-1
2.0,1.0,0.0,2.0,2.0,1.0,1.0,1.0,2.0,2.0,2.0,0.0,0.0,0.0,0.75,0.0,0.0,0.0,1.0,1.0,-1
4.0,1.0,0.0,1.0,5.0,0.0,1.0,0.0,0.0,0.0,28.0,1.0,0.0,0.0,0.625,0.0,0.0,5.75,2.0,1.0,-1
2.0,2.0,0.0,4.0,10.0,1.0,1.0,3.0,1.0,2.0,76.0,0.0,0.0,0.75,0.625,2.0,2.0,37.0,11.0,5.5,-1
13.0,1.0,0.0,0.0,30.0,4.0,0.0,0.0,11.0,0.733333,238.0,0.8,2.0,0.0,0.375,0.0,0.0,16.923077,4.0,1.4615,-1
8.0,1.0,1.0,3.0,20.0,22.0,1.0,3.0,6.0,0.9285709999999999,108.0,0.5,0.0,0.0,0.28571399999999997,0.0,0.0,12.25,1.0,0.75,-1
4.0,1.0,0.0,36.0,4.0,6.0,36.0,0.0,4.0,2.0,4.0,0.0,0.0,0.0,0.75,0.0,0.0,0.0,1.0,1.0,-1
7.0,2.0,0.0,8.0,27.0,17.0,1.0,7.0,6.0,0.766667,207.0,0.8,3.0,0.44444399999999995,0.333333,0.0,0.0,27.857143,1.0,0.7143,-1
3.0,1.0,0.0,10.0,13.0,0.0,5.0,5.0,2.0,0.166667,167.0,1.0,2.0,0.0,0.5,0.0,0.0,53.666667000000004,1.0,0.3333,-1
6.0,1.0,0.0,0.0,6.0,15.0,0.0,0.0,6.0,2.0,6.0,0.0,0.0,0.0,0.375,0.0,0.0,0.0,1.0,1.0,-1
13.0,4.0,0.0,3.0,16.0,78.0,0.0,3.0,13.0,2.0,72.0,0.0,0.0,0.87234,0.538462,1.0,4.0,4.538462,1.0,0.9231,-1
3.0,3.0,0.0,4.0,8.0,0.0,1.0,4.0,1.0,0.75,40.0,0.5,0.0,0.960784,0.555556,2.0,7.0,11.666667,1.0,0.6667,-1
3.0,1.0,0.0,0.0,3.0,3.0,0.0,0.0,3.0,2.0,3.0,0.0,0.0,0.0,0.666667,0.0,0.0,0.0,1.0,1.0,-1
15.0,4.0,0.0,3.0,20.0,105.0,0.0,3.0,15.0,2.0,84.0,0.0,0.0,0.854167,0.4,1.0,4.0,4.6,1.0,0.9333,-1
1.0,5.0,0.0,1.0,2.0,0.0,1.0,0.0,1.0,2.0,6.0,0.0,0.0,1.0,1.0,0.0,0.0,5.0,0.0,0.0,1
8.0,1.0,1.0,0.0,16.0,14.0,0.0,0.0,6.0,0.785714,117.0,1.0,0.0,0.0,0.571429,0.0,0.0,13.125,1.0,0.75,1
22.0,1.0,1.0,9.0,48.0,41.0,6.0,3.0,9.0,0.8435370000000001,579.0,0.857143,1.0,0.0,0.227273,0.0,0.0,25.0,7.0,2.2727,1
42.0,1.0,0.0,11.0,52.0,695.0,11.0,0.0,42.0,0.8991870000000001,498.0,1.0,0.0,0.0,0.25793699999999997,0.0,0.0,10.5,12.0,1.6429,1
8.0,1.0,1.0,0.0,27.0,28.0,0.0,0.0,7.0,2.0,128.0,0.0,0.0,0.0,0.333333,0.0,0.0,15.0,1.0,0.875,1
7.0,2.0,1.0,5.0,12.0,15.0,3.0,3.0,7.0,0.916667,80.0,0.75,0.0,0.88,0.52381,1.0,4.0,9.857142999999999,3.0,1.8571,1
7.0,1.0,0.0,0.0,7.0,21.0,0.0,0.0,7.0,2.0,7.0,0.0,0.0,0.0,0.428571,0.0,0.0,0.0,1.0,1.0,1
16.0,4.0,2.0,13.0,46.0,102.0,10.0,6.0,14.0,0.933333,288.0,0.5,0.0,0.849462,0.34375,3.0,18.0,16.875,11.0,2.375,1
29.0,4.0,4.0,17.0,70.0,124.0,12.0,9.0,24.0,0.75,598.0,0.666667,1.0,0.73,0.337931,2.0,11.0,19.517241000000002,6.0,2.4828,1
6.0,3.0,2.0,9.0,21.0,15.0,6.0,4.0,6.0,1.2,90.0,0.0,0.0,0.9152540000000001,0.333333,1.0,4.0,13.833332999999998,2.0,1.1667,1
2.0,3.0,0.0,0.0,4.0,1.0,0.0,0.0,2.0,2.0,9.0,0.0,0.0,1.0,0.75,0.0,0.0,3.5,0.0,0.0,1
1.0,5.0,1.0,1.0,2.0,0.0,1.0,0.0,1.0,2.0,8.0,0.0,0.0,1.0,1.0,0.0,0.0,5.0,0.0,0.0,1
6.0,3.0,1.0,4.0,18.0,3.0,2.0,3.0,4.0,0.8,192.0,0.666667,0.0,0.9375,0.611111,3.0,3.0,30.5,3.0,1.3333,1
2.0,2.0,0.0,1.0,6.0,1.0,0.0,1.0,2.0,2.0,13.0,0.0,0.0,0.9285709999999999,1.0,0.0,0.0,5.5,1.0,0.5,1
10.0,1.0,1.0,0.0,15.0,45.0,0.0,0.0,9.0,2.0,53.0,0.0,0.0,0.0,0.228571,0.0,0.0,4.3,1.0,0.9,1
41.0,2.0,0.0,13.0,75.0,0.0,1.0,12.0,22.0,0.608824,7413.0,0.882353,3.0,0.152174,0.17083299999999998,1.0,4.0,179.390244,2.0,1.0488,1
11.0,1.0,1.0,3.0,13.0,35.0,3.0,0.0,11.0,0.9,87.0,0.1,2.0,0.0,0.393939,0.0,0.0,6.0,1.0,0.9091,1
6.0,1.0,2.0,5.0,18.0,13.0,3.0,3.0,5.0,0.8,127.0,0.0,1.0,0.0,0.533333,0.0,0.0,20.0,14.0,3.3333,1
62.0,1.0,0.0,24.0,130.0,753.0,10.0,17.0,39.0,0.850198,2272.0,0.8620690000000001,12.0,0.0,0.138249,0.0,0.0,35.177419,6.0,1.3226,1
7.0,1.0,0.0,1.0,9.0,13.0,1.0,0.0,4.0,0.875,208.0,1.0,0.0,0.0,0.25,0.0,0.0,28.142857,4.0,1.5714,1
5.0,2.0,0.0,2.0,13.0,0.0,1.0,1.0,3.0,0.5,81.0,1.0,1.0,0.8636360000000001,0.6,1.0,1.0,14.6,1.0,0.6,1
8.0,1.0,1.0,0.0,16.0,14.0,0.0,0.0,6.0,0.785714,115.0,1.0,0.0,0.0,0.571429,0.0,0.0,12.875,1.0,0.75,1
6.0,3.0,1.0,4.0,18.0,3.0,2.0,3.0,4.0,0.8,165.0,0.666667,0.0,0.947368,0.611111,3.0,3.0,26.0,3.0,1.3333,1
4.0,1.0,0.0,0.0,4.0,6.0,0.0,0.0,4.0,2.0,4.0,0.0,0.0,0.0,1.0,0.0,0.0,0.0,1.0,1.0,1
2.0,2.0,0.0,1.0,6.0,1.0,0.0,1.0,2.0,2.0,13.0,0.0,0.0,0.958333,1.0,0.0,0.0,5.5,1.0,0.5,1
48.0,2.0,1.0,10.0,122.0,568.0,2.0,8.0,41.0,0.902128,1384.0,1.0,6.0,0.737143,0.141337,2.0,9.0,27.625,3.0,1.0625,1
1.0,6.0,0.0,17.0,2.0,0.0,16.0,1.0,1.0,2.0,6.0,0.0,0.0,1.0,1.0,0.0,0.0,5.0,0.0,0.0,1
13.0,2.0,0.0,7.0,52.0,58.0,1.0,6.0,8.0,0.769841,1337.0,1.0,3.0,0.266667,0.2,0.0,0.0,100.230769,4.0,1.0769,1
5.0,3.0,0.0,0.0,6.0,8.0,0.0,0.0,5.0,0.0,34.0,1.0,0.0,0.9444440000000001,0.6,0.0,0.0,5.6,1.0,0.2,1
13.0,1.0,0.0,2.0,24.0,8.0,1.0,2.0,9.0,0.6875,374.0,1.0,4.0,0.0,0.307692,0.0,0.0,27.153846,11.0,4.1538,1
33.0,2.0,2.0,16.0,70.0,0.0,3.0,14.0,20.0,0.565625,3041.0,1.0,2.0,0.18421099999999999,0.174479,1.0,3.0,90.848485,2.0,1.0606,1
25.0,3.0,3.0,13.0,67.0,34.0,3.0,11.0,14.0,0.638889,1120.0,0.833333,3.0,0.684932,0.205,2.0,22.0,43.56,11.0,2.28,1
1.0,1.0,0.0,0.0,1.0,0.0,0.0,0.0,1.0,2.0,1.0,0.0,0.0,0.0,1.0,0.0,0.0,0.0,1.0,1.0,1
25.0,2.0,5.0,14.0,68.0,34.0,5.0,11.0,14.0,0.638889,1120.0,0.833333,3.0,0.656716,0.205,1.0,17.0,43.56,11.0,2.28,1
8.0,1.0,0.0,0.0,8.0,28.0,0.0,0.0,8.0,2.0,8.0,0.0,0.0,0.0,0.46875,0.0,0.0,0.0,1.0,1.0,1
16.0,1.0,0.0,0.0,16.0,120.0,0.0,0.0,16.0,2.0,16.0,0.0,0.0,0.0,0.645833,0.0,0.0,0.0,1.0,1.0,1
1.0,1.0,0.0,0.0,1.0,0.0,0.0,0.0,1.0,2.0,1.0,0.0,0.0,0.0,1.0,0.0,0.0,0.0,1.0,1.0,1
8.0,1.0,0.0,0.0,8.0,28.0,0.0,0.0,8.0,2.0,8.0,0.0,0.0,0.0,0.666667,0.0,0.0,0.0,1.0,1.0,1
10.0,1.0,0.0,0.0,10.0,45.0,0.0,0.0,10.0,1.111111,13.0,0.0,0.0,0.0,0.4,0.0,0.0,0.0,1.0,1.0,1
1.0,4.0,1.0,0.0,2.0,0.0,0.0,0.0,1.0,2.0,24.0,0.0,0.0,1.0,1.0,0.0,0.0,7.0,0.0,0.0,1
3.0,1.0,0.0,0.0,3.0,3.0,0.0,0.0,3.0,2.0,3.0,0.0,0.0,0.0,0.666667,0.0,0.0,0.0,1.0,1.0,1
2.0,1.0,0.0,0.0,2.0,1.0,0.0,0.0,2.0,2.0,2.0,0.0,0.0,0.0,0.75,0.0,0.0,0.0,1.0,1.0,1
10.0,2.0,0.0,8.0,43.0,25.0,1.0,8.0,5.0,2.0,592.0,0.0,0.0,0.571429,0.328571,1.0,7.0,58.2,13.0,2.8,1
6.0,2.0,0.0,7.0,8.0,0.0,6.0,1.0,6.0,0.9818180000000001,62.0,0.0,1.0,0.642857,0.375,0.0,0.0,7.5,1.0,0.8333,1
2.0,1.0,0.0,0.0,2.0,1.0,0.0,0.0,2.0,2.0,2.0,0.0,0.0,0.0,1.0,0.0,0.0,0.0,1.0,1.0,1
3.0,1.0,0.0,0.0,3.0,3.0,0.0,0.0,3.0,2.0,3.0,0.0,0.0,0.0,0.777778,0.0,0.0,0.0,1.0,1.0,1
0.0,1.0,0.0,0.0,0.0,0.0,0.0,0.0,0.0,2.0,0.0,0.0,0.0,0.0,0.0,0.0,0.0,0.0,0.0,0.0,1
5.0,1.0,0.0,0.0,5.0,10.0,0.0,0.0,5.0,2.0,5.0,0.0,0.0,0.0,0.6,0.0,0.0,0.0,1.0,1.0,1
41.0,1.0,0.0,4.0,85.0,0.0,1.0,4.0,26.0,0.796875,2564.0,0.0,7.0,0.0,0.22222199999999998,0.0,0.0,61.14634100000001,11.0,3.0244,1
0.0,1.0,0.0,0.0,0.0,0.0,0.0,0.0,0.0,2.0,0.0,0.0,0.0,0.0,0.0,0.0,0.0,0.0,0.0,0.0,1
13.0,1.0,0.0,13.0,52.0,30.0,1.0,12.0,7.0,0.757576,1444.0,1.0,7.0,0.0,0.307692,0.0,0.0,108.384615,3.0,1.0769,1
86.0,1.0,0.0,46.0,255.0,1993.0,8.0,44.0,51.0,0.943103,6176.0,0.965517,38.0,0.0,0.101329,0.0,0.0,69.46511600000001,17.0,1.5581,1
17.0,1.0,0.0,0.0,17.0,136.0,0.0,0.0,17.0,2.0,17.0,0.0,0.0,0.0,0.45588199999999995,0.0,0.0,0.0,1.0,1.0,1
7.0,1.0,0.0,0.0,7.0,21.0,0.0,0.0,7.0,2.0,7.0,0.0,0.0,0.0,1.0,0.0,0.0,0.0,1.0,1.0,1
1.0,4.0,0.0,0.0,2.0,0.0,0.0,0.0,1.0,2.0,10.0,0.0,0.0,1.0,1.0,0.0,0.0,7.0,0.0,0.0,1
25.0,1.0,0.0,0.0,25.0,300.0,0.0,0.0,25.0,1.041667,37.0,0.0,0.0,0.0,0.33,0.0,0.0,0.0,1.0,1.0,1
3.0,1.0,0.0,0.0,3.0,3.0,0.0,0.0,3.0,2.0,3.0,0.0,0.0,0.0,1.0,0.0,0.0,0.0,1.0,1.0,1
1.0,1.0,0.0,0.0,1.0,0.0,0.0,0.0,1.0,2.0,1.0,0.0,0.0,0.0,1.0,0.0,0.0,0.0,1.0,1.0,1
1.0,1.0,0.0,0.0,1.0,0.0,0.0,0.0,1.0,2.0,17.0,0.0,0.0,0.0,1.0,0.0,0.0,0.0,1.0,1.0,1
2.0,1.0,0.0,0.0,2.0,1.0,0.0,0.0,2.0,2.0,2.0,0.0,0.0,0.0,1.0,0.0,0.0,0.0,1.0,1.0,1
14.0,3.0,3.0,10.0,41.0,17.0,3.0,7.0,11.0,0.717949,333.0,0.666667,1.0,0.8064520000000001,0.48076899999999995,1.0,2.0,22.571429000000002,6.0,1.5714,1
6.0,1.0,0.0,0.0,6.0,15.0,0.0,0.0,6.0,2.0,6.0,0.0,0.0,0.0,1.0,0.0,0.0,0.0,1.0,1.0,1
0.0,1.0,0.0,0.0,0.0,0.0,0.0,0.0,0.0,2.0,0.0,0.0,0.0,0.0,0.0,0.0,0.0,0.0,0.0,0.0,1
13.0,1.0,0.0,0.0,13.0,78.0,0.0,0.0,13.0,2.0,13.0,0.0,0.0,0.0,0.538462,0.0,0.0,0.0,1.0,1.0,1
62.0,4.0,3.0,53.0,161.0,1649.0,48.0,25.0,49.0,0.9262299999999999,1344.0,0.916667,2.0,0.580882,0.155107,2.0,19.0,20.483871,23.0,1.9516,1
3.0,1.0,0.0,0.0,3.0,3.0,0.0,0.0,3.0,2.0,3.0,0.0,0.0,0.0,0.666667,0.0,0.0,0.0,1.0,1.0,1
66.0,1.0,3.0,25.0,106.0,1829.0,21.0,9.0,36.0,0.967521,1123.0,0.833333,1.0,0.0,0.11655,0.0,0.0,15.742424,31.0,2.2727,1
0.0,1.0,0.0,0.0,0.0,0.0,0.0,0.0,0.0,2.0,0.0,0.0,0.0,0.0,0.0,0.0,0.0,0.0,0.0,0.0,1
5.0,1.0,0.0,0.0,5.0,10.0,0.0,0.0,5.0,2.0,5.0,0.0,0.0,0.0,0.4,0.0,0.0,0.0,1.0,1.0,1
3.0,1.0,0.0,0.0,5.0,1.0,0.0,0.0,2.0,0.5,14.0,0.0,0.0,0.0,0.5,0.0,0.0,3.333333,1.0,0.3333,1
66.0,1.0,0.0,27.0,209.0,1255.0,4.0,26.0,8.0,0.769231,8696.0,0.9629629999999999,9.0,0.0,0.154872,0.0,0.0,130.348485,25.0,1.6969999999999998,1
